PATIENT,MEMBERID,START_DATE,END_DATE,PAYER,SECONDARY_PAYER,PLAN_OWNERSHIP,OWNER_NAME
2d9be839-252a-a755-60a2-ec34975efc4d,9a2317f5-827c-318f-cba4-a5a221bf589b,2013-10-18T19:14:15Z,2014-10-17T19:14:15Z,df166300-5a78-3502-a46a-832842197811,,Self,Santiago500 Avilés474
2d9be839-252a-a755-60a2-ec34975efc4d,63eaf196-daa9-8b58-887f-f73dbdb3c1b6,2014-10-17T19:14:15Z,2015-10-16T19:14:15Z,df166300-5a78-3502-a46a-832842197811,,Self,Santiago500 Avilés474
2d9be839-252a-a755-60a2-ec34975efc4d,5e8d06df-da3b-51e5-01a9-61955429f9a9,2015-10-16T19:14:15Z,2016-10-14T19:14:15Z,df166300-5a78-3502-a46a-832842197811,,Self,Santiago500 Avilés474
2d9be839-252a-a755-60a2-ec34975efc4d,dd8f52db-1dff-b832-7fbc-81f7c286dbad,2016-10-14T19:14:15Z,2017-10-13T19:14:15Z,df166300-5a78-3502-a46a-832842197811,,Self,Santiago500 Avilés474
2d9be839-252a-a755-60a2-ec34975efc4d,1c897d9a-5056-6b87-b276-73720da4ce14,2017-10-13T19:14:15Z,2018-10-19T19:14:15Z,df166300-5a78-3502-a46a-832842197811,,Self,Santiago500 Avilés474
2d9be839-252a-a755-60a2-ec34975efc4d,e1961f6e-501c-7a0f-006a-f6e0a3020261,2018-10-19T19:14:15Z,2019-10-18T19:14:15Z,df166300-5a78-3502-a46a-832842197811,,Self,Santiago500 Avilés474
2d9be839-252a-a755-60a2-ec34975efc4d,67571c6a-12dc-3695-65c5-9bc1b9b0e1de,2019-10-18T19:14:15Z,2020-10-16T19:14:15Z,df166300-5a78-3502-a46a-832842197811,,Self,Santiago500 Avilés474
2d9be839-252a-a755-60a2-ec34975efc4d,e61ca184-86e1-49c2-225f-0731ccde145e,2020-10-16T19:14:15Z,2021-10-15T19:14:15Z,df166300-5a78-3502-a46a-832842197811,,Self,Santiago500 Avilés474
2d9be839-252a-a755-60a2-ec34975efc4d,b0edb1ab-5a5c-5382-c6cb-0afea684e03d,2021-10-15T19:14:15Z,2022-10-14T19:14:15Z,df166300-5a78-3502-a46a-832842197811,,Self,Santiago500 Avilés474
2d9be839-252a-a755-60a2-ec34975efc4d,6f131f98-a8b5-d9a9-8970-d8656de6e8ef,2022-10-14T19:14:15Z,2023-10-13T19:14:15Z,df166300-5a78-3502-a46a-832842197811,,Self,Santiago500 Avilés474
2d9be839-252a-a755-60a2-ec34975efc4d,4e52985a-c846-d42e-31d9-03d28f2f3deb,2023-10-13T19:14:15Z,2024-10-18T19:14:15Z,df166300-5a78-3502-a46a-832842197811,,Self,Santiago500 Avilés474
2d9be839-252a-a755-60a2-ec34975efc4d,162714c7-fd45-7967-3f4e-699cd51cc960,2024-10-18T19:14:15Z,2025-10-13T19:14:15Z,df166300-5a78-3502-a46a-832842197811,,Self,Santiago500 Avilés474
afcc9789-8930-c566-8263-54eff69cccb0,0cd2e96e-2ffe-4fba-dc19-9704e9f8f832,2013-10-19T03:23:35Z,2014-10-18T03:23:35Z,d31fccc3-1767-390d-966a-22a5156f4219,,Guardian,Phung894 Runolfsdottir785
afcc9789-8930-c566-8263-54eff69cccb0,0cd2e96e-2ffe-4fba-dc19-9704e9f8f832,2014-10-18T03:23:35Z,2015-10-17T03:23:35Z,d31fccc3-1767-390d-966a-22a5156f4219,,Guardian,Phung894 Runolfsdottir785
afcc9789-8930-c566-8263-54eff69cccb0,0cd2e96e-2ffe-4fba-dc19-9704e9f8f832,2015-10-17T03:23:35Z,2016-10-22T03:23:35Z,d31fccc3-1767-390d-966a-22a5156f4219,,Guardian,Phung894 Runolfsdottir785
afcc9789-8930-c566-8263-54eff69cccb0,0cd2e96e-2ffe-4fba-dc19-9704e9f8f832,2016-10-22T03:23:35Z,2017-10-21T03:23:35Z,d31fccc3-1767-390d-966a-22a5156f4219,,Guardian,Phung894 Runolfsdottir785
afcc9789-8930-c566-8263-54eff69cccb0,0cd2e96e-2ffe-4fba-dc19-9704e9f8f832,2017-10-21T03:23:35Z,2018-10-20T03:23:35Z,d31fccc3-1767-390d-966a-22a5156f4219,,Guardian,Phung894 Runolfsdottir785
afcc9789-8930-c566-8263-54eff69cccb0,d01d8d29-77e5-e429-934e-d81858f09160,2018-10-20T03:23:35Z,2019-10-19T03:23:35Z,d31fccc3-1767-390d-966a-22a5156f4219,,Self,Freeman822 Ziemann98
afcc9789-8930-c566-8263-54eff69cccb0,ff156945-1a41-045a-9da2-cd09d7a382a5,2019-10-19T03:23:35Z,2020-10-17T03:23:35Z,d31fccc3-1767-390d-966a-22a5156f4219,,Self,Freeman822 Ziemann98
afcc9789-8930-c566-8263-54eff69cccb0,20c49069-25d5-eeb1-6195-ec709dba6f7d,2020-10-17T03:23:35Z,2021-10-16T03:23:35Z,d31fccc3-1767-390d-966a-22a5156f4219,,Self,Freeman822 Ziemann98
afcc9789-8930-c566-8263-54eff69cccb0,b2381c83-b510-4e7c-dc53-102ca360c739,2021-10-16T03:23:35Z,2022-10-22T03:23:35Z,d31fccc3-1767-390d-966a-22a5156f4219,,Self,Freeman822 Ziemann98
afcc9789-8930-c566-8263-54eff69cccb0,89934cfd-163e-a0e8-dfdf-490784bce7b7,2022-10-22T03:23:35Z,2023-10-21T03:23:35Z,d31fccc3-1767-390d-966a-22a5156f4219,,Self,Freeman822 Ziemann98
afcc9789-8930-c566-8263-54eff69cccb0,ab29ed17-8075-a01c-b2f6-02db6329979e,2023-10-21T03:23:35Z,2024-10-19T03:23:35Z,d31fccc3-1767-390d-966a-22a5156f4219,,Self,Freeman822 Ziemann98
afcc9789-8930-c566-8263-54eff69cccb0,dd6e5ddb-6502-1177-ef52-99585ead3bdc,2024-10-19T03:23:35Z,2025-10-16T03:23:35Z,d31fccc3-1767-390d-966a-22a5156f4219,,Self,Freeman822 Ziemann98
279035bb-95e8-6f57-38fb-d896178c0576,d23ce553-faa7-ba0a-65c8-612f3bc2f43b,2013-07-04T00:54:56Z,2014-07-03T00:54:56Z,26aab0cd-6aba-3e1b-ac5b-05c8867e762c,,Spouse,Mr. Senger904
279035bb-95e8-6f57-38fb-d896178c0576,66e8bc03-3a88-4502-3619-7724c8185486,2014-07-03T00:54:56Z,2015-07-02T00:54:56Z,26aab0cd-6aba-3e1b-ac5b-05c8867e762c,,Self,Denice974 Senger904
279035bb-95e8-6f57-38fb-d896178c0576,99b066b0-1448-8e0c-4eaa-d471a5680874,2015-07-02T00:54:56Z,2016-06-30T00:54:56Z,26aab0cd-6aba-3e1b-ac5b-05c8867e762c,,Spouse,Mr. Senger904
279035bb-95e8-6f57-38fb-d896178c0576,e982d074-1c8d-336c-3c3e-11f289b7a78d,2016-06-30T00:54:56Z,2017-07-06T00:54:56Z,26aab0cd-6aba-3e1b-ac5b-05c8867e762c,,Self,Denice974 Senger904
279035bb-95e8-6f57-38fb-d896178c0576,e27eee59-8441-24b6-4cac-344be950c9d2,2017-07-06T00:54:56Z,2018-07-05T00:54:56Z,26aab0cd-6aba-3e1b-ac5b-05c8867e762c,,Self,Denice974 Senger904
279035bb-95e8-6f57-38fb-d896178c0576,e11892e9-6f14-7388-34e9-4721be55b7d2,2018-07-05T00:54:56Z,2019-07-04T00:54:56Z,26aab0cd-6aba-3e1b-ac5b-05c8867e762c,,Spouse,Mr. Senger904
279035bb-95e8-6f57-38fb-d896178c0576,265f82c7-7fee-fe30-a86a-2eadcd941d1e,2019-07-04T00:54:56Z,2020-07-02T00:54:56Z,26aab0cd-6aba-3e1b-ac5b-05c8867e762c,,Spouse,Mr. Senger904
279035bb-95e8-6f57-38fb-d896178c0576,494c1d57-ba34-c53b-214b-10a15ffa603f,2020-07-02T00:54:56Z,2021-07-01T00:54:56Z,26aab0cd-6aba-3e1b-ac5b-05c8867e762c,,Spouse,Mr. Senger904
279035bb-95e8-6f57-38fb-d896178c0576,895f51c1-1643-e002-b45e-1ba7e3a2cf00,2021-07-01T00:54:56Z,2022-06-30T00:54:56Z,26aab0cd-6aba-3e1b-ac5b-05c8867e762c,,Self,Denice974 Senger904
279035bb-95e8-6f57-38fb-d896178c0576,0674a2ba-c7bb-62ae-7f1a-41ce0170cf98,2022-06-30T00:54:56Z,2023-07-06T00:54:56Z,26aab0cd-6aba-3e1b-ac5b-05c8867e762c,,Self,Denice974 Senger904
279035bb-95e8-6f57-38fb-d896178c0576,391c887a-16b4-ef23-dcab-c1a456e8d007,2023-07-06T00:54:56Z,2024-07-04T00:54:56Z,26aab0cd-6aba-3e1b-ac5b-05c8867e762c,,Self,Denice974 Senger904
279035bb-95e8-6f57-38fb-d896178c0576,a00aaa3f-45dd-5497-8f78-d7745eb12784,2024-07-04T00:54:56Z,2025-06-30T00:54:56Z,26aab0cd-6aba-3e1b-ac5b-05c8867e762c,,Self,Denice974 Senger904
e6d92627-97d0-4a15-e724-a572779efe5d,d0e23e76-9643-4d4b-b69b-b20de779f51c,2013-04-20T20:34:46Z,2014-04-19T20:34:46Z,d31fccc3-1767-390d-966a-22a5156f4219,,Spouse,Mrs. White193
e6d92627-97d0-4a15-e724-a572779efe5d,545c87c4-c4ad-ed42-b2ad-bb0039c41986,2014-04-19T20:34:46Z,2015-04-18T20:34:46Z,d31fccc3-1767-390d-966a-22a5156f4219,,Self,Milo271 White193
e6d92627-97d0-4a15-e724-a572779efe5d,f2265199-390e-08b8-c8f2-08b4807ff1b2,2015-04-18T20:34:46Z,2016-04-16T20:34:46Z,d31fccc3-1767-390d-966a-22a5156f4219,,Self,Milo271 White193
e6d92627-97d0-4a15-e724-a572779efe5d,2d254407-3625-135b-f4c0-e6acd9d5ca21,2016-04-16T20:34:46Z,2017-04-15T20:34:46Z,d31fccc3-1767-390d-966a-22a5156f4219,,Self,Milo271 White193
e6d92627-97d0-4a15-e724-a572779efe5d,a49292f8-eaa5-0a90-f293-3c2945ebdf7f,2017-04-15T20:34:46Z,2018-04-14T20:34:46Z,d31fccc3-1767-390d-966a-22a5156f4219,,Self,Milo271 White193
e6d92627-97d0-4a15-e724-a572779efe5d,c73c0341-2360-e4e7-bc35-113e98ff780b,2018-04-14T20:34:46Z,2019-04-20T20:34:46Z,d31fccc3-1767-390d-966a-22a5156f4219,,Self,Milo271 White193
e6d92627-97d0-4a15-e724-a572779efe5d,0feb450a-9a83-646f-eff4-c253664c0268,2019-04-20T20:34:46Z,2020-04-18T20:34:46Z,d31fccc3-1767-390d-966a-22a5156f4219,,Self,Milo271 White193
e6d92627-97d0-4a15-e724-a572779efe5d,bc11b478-dba6-74d7-c821-dab049bee23d,2020-04-18T20:34:46Z,2021-04-17T20:34:46Z,d31fccc3-1767-390d-966a-22a5156f4219,,Self,Milo271 White193
e6d92627-97d0-4a15-e724-a572779efe5d,6fb840e1-486e-9d5f-ac7f-f9381a33a41f,2021-04-17T20:34:46Z,2022-04-16T20:34:46Z,d31fccc3-1767-390d-966a-22a5156f4219,,Self,Milo271 White193
e6d92627-97d0-4a15-e724-a572779efe5d,cf4661ec-7fec-d1f0-f0dd-64448f193a03,2022-04-16T20:34:46Z,2023-04-15T20:34:46Z,d31fccc3-1767-390d-966a-22a5156f4219,,Self,Milo271 White193
e6d92627-97d0-4a15-e724-a572779efe5d,ac610bd1-c452-61b3-29c4-b1fe99c0a6ef,2023-04-15T20:34:46Z,2024-04-20T20:34:46Z,d31fccc3-1767-390d-966a-22a5156f4219,,Self,Milo271 White193
e6d92627-97d0-4a15-e724-a572779efe5d,3804b07c-0bc7-099b-cf84-da909985a780,2024-04-20T20:34:46Z,2025-04-14T20:34:46Z,d31fccc3-1767-390d-966a-22a5156f4219,,Self,Milo271 White193
0b001734-a9ac-59dd-4631-436c936f5ab9,dcb41dca-01e7-dd6f-b453-e08c3a81b2d4,2013-02-16T09:47:59Z,2014-02-15T09:47:59Z,a735bf55-83e9-331a-899d-a82a60b9f60c,b046940f-1664-3047-bca7-dfa76be352a4,Self,Kurtis994 Daugherty69
0b001734-a9ac-59dd-4631-436c936f5ab9,496e6a3c-2c95-c502-ad98-63f99fbf7de4,2014-02-15T09:47:59Z,2015-02-14T09:47:59Z,a735bf55-83e9-331a-899d-a82a60b9f60c,b046940f-1664-3047-bca7-dfa76be352a4,Spouse,Mrs. Daugherty69
0b001734-a9ac-59dd-4631-436c936f5ab9,7dbf790a-334f-1cd1-cc07-c4cb58035a36,2015-02-14T09:47:59Z,2016-02-20T09:47:59Z,a735bf55-83e9-331a-899d-a82a60b9f60c,b046940f-1664-3047-bca7-dfa76be352a4,Self,Kurtis994 Daugherty69
0b001734-a9ac-59dd-4631-436c936f5ab9,0925cb6b-593a-34a5-4048-7d893b794b3e,2016-02-20T09:47:59Z,2017-02-18T09:47:59Z,a735bf55-83e9-331a-899d-a82a60b9f60c,b046940f-1664-3047-bca7-dfa76be352a4,Self,Kurtis994 Daugherty69
0b001734-a9ac-59dd-4631-436c936f5ab9,650d416d-8973-7b32-a828-1e269780a3f9,2017-02-18T09:47:59Z,2018-02-17T09:47:59Z,a735bf55-83e9-331a-899d-a82a60b9f60c,b046940f-1664-3047-bca7-dfa76be352a4,Self,Kurtis994 Daugherty69
0b001734-a9ac-59dd-4631-436c936f5ab9,ff4d489d-fd1f-589b-5e09-c7f59864df5d,2018-02-17T09:47:59Z,2019-02-16T09:47:59Z,a735bf55-83e9-331a-899d-a82a60b9f60c,b046940f-1664-3047-bca7-dfa76be352a4,Self,Kurtis994 Daugherty69
0b001734-a9ac-59dd-4631-436c936f5ab9,6c7ccb15-cab3-7a93-cee2-e1ddc27dbcff,2019-02-16T09:47:59Z,2020-02-15T09:47:59Z,a735bf55-83e9-331a-899d-a82a60b9f60c,b046940f-1664-3047-bca7-dfa76be352a4,Spouse,Mrs. Daugherty69
0b001734-a9ac-59dd-4631-436c936f5ab9,bbf54a0b-b432-d709-b54a-f782addb3389,2020-02-15T09:47:59Z,2021-02-20T09:47:59Z,a735bf55-83e9-331a-899d-a82a60b9f60c,b046940f-1664-3047-bca7-dfa76be352a4,Spouse,Mrs. Daugherty69
0b001734-a9ac-59dd-4631-436c936f5ab9,f94a1d2f-0bd4-8805-664a-79dbb62e46fe,2021-02-20T09:47:59Z,2022-02-19T09:47:59Z,a735bf55-83e9-331a-899d-a82a60b9f60c,b046940f-1664-3047-bca7-dfa76be352a4,Spouse,Mrs. Daugherty69
0b001734-a9ac-59dd-4631-436c936f5ab9,0a06684f-b500-ed50-eeff-5b1f0dc68961,2022-02-19T09:47:59Z,2023-02-18T09:47:59Z,a735bf55-83e9-331a-899d-a82a60b9f60c,b046940f-1664-3047-bca7-dfa76be352a4,Spouse,Mrs. Daugherty69
0b001734-a9ac-59dd-4631-436c936f5ab9,984093a9-299f-742c-0e25-1f7d824ebece,2023-02-18T09:47:59Z,2024-02-17T09:47:59Z,a735bf55-83e9-331a-899d-a82a60b9f60c,b046940f-1664-3047-bca7-dfa76be352a4,Spouse,Mrs. Daugherty69
0b001734-a9ac-59dd-4631-436c936f5ab9,cf3bdfb2-f80b-79de-ed37-4c7d6a0ecbb9,2024-02-17T09:47:59Z,2025-02-14T09:47:59Z,a735bf55-83e9-331a-899d-a82a60b9f60c,b046940f-1664-3047-bca7-dfa76be352a4,Self,Kurtis994 Daugherty69
